,time,name,country,place,marathon,day,month,year,gender,seconds
0,2:19:25,Gladys CHERONO,KEN,1,Berlin,27,SEP,2015,F,8365
1,2:19:52,Mare DIBABA,ETH,1,Xiamen,3,JAN,2015,F,8392
2,2:20:02,Aselefech MERGIA,ETH,1,Dubai,23,JAN,2015,F,8402
3,2:20:03,Gladys CHERONO,KEN,2,Dubai,23,JAN,2015,F,8403
4,2:20:21,Lucy Wangui KABUU,KEN,3,Dubai,23,JAN,2015,F,8421
5,2:20:48,Aberu KEBEDE,ETH,2,Berlin,27,SEP,2015,F,8448
6,2:20:59,Shure DEMISE,ETH,4,Dubai,23,JAN,2015,F,8459
7,2:21:17,Aberu KEBEDE,ETH,5,Dubai,23,JAN,2015,F,8477
8,2:21:56,Mulu SEBOKA,ETH,6,Dubai,23,JAN,2015,F,8516
9,2:22:08,Eunice Jepkirui KIRWA,BRN,1,Nagoya,8,MAR,2015,F,8528
10,2:22:09,Tetiana SHMYRKO,UKR,1,Osaka,25,JAN,2015,F,8529
11,2:22:48,Sairi MAEDA,JPN,2,Nagoya,8,MAR,2015,F,8568
12,2:22:51,Tadelech BEKELE,ETH,7,Dubai,23,JAN,2015,F,8571
13,2:23:06,Aliaksandra DULIBA,BLR,8,Dubai,23,JAN,2015,F,8586
14,2:23:12,Gulume Tollesa CHALA,ETH,1,Frankfurt,25,OCT,2015,F,8592
15,2:23:12,Dinknesh MEKASH,ETH,2,Frankfurt,25,OCT,2015,F,8592
16,2:23:15,Birhane DIBABA,ETH,1,Tokyo,22,FEB,2015,F,8595
17,2:23:22,Tigist TUFA,ETH,1,London,26,APR,2015,F,8602
18,2:23:23,Yebrqual MELESE,ETH,1,Houston,18,JAN,2015,F,8603
19,2:23:26,Meseret MENGISTU,ETH,1,Paris,12,APR,2015,F,8606
20,2:23:30,Amane GOBENA,ETH,2,Paris,12,APR,2015,F,8610
21,2:23:32,Guteni SHONE,ETH,2,Houston,18,JAN,2015,F,8612
22,2:23:33,Abebech AFEWORK,ETH,9,Dubai,23,JAN,2015,F,8613
23,2:23:33,Florence KIPLAGAT,KEN,1,Chicago,11,OCT,2015,F,8613
24,2:23:37,Shure DEMISE,ETH,1,Toronto,18,OCT,2015,F,8617
25,2:23:40,Mary KEITANY,KEN,2,London,26,APR,2015,F,8620
26,2:23:41,Tirfi TSEGAYE,ETH,3,London,26,APR,2015,F,8621
27,2:23:43,Ashete BEKELE,ETH,10,Dubai,23,JAN,2015,F,8623
28,2:23:43,Yebrgual MELESE,ETH,2,Chicago,11,OCT,2015,F,8623
29,2:23:49,Yebrgual MELESE,ETH,1,Prague,3,MAY,2015,F,8629
30,2:23:51,Biruktayit ESHETU,ETH,3,Houston,18,JAN,2015,F,8631
31,2:23:52,Koren YAL,ETH,3,Frankfurt,25,OCT,2015,F,8632
32,2:23:53,Aselefech MERGIA,ETH,4,London,26,APR,2015,F,8633
33,2:24:03,Helah KIPROP,KEN,2,Tokyo,22,FEB,2015,F,8643
34,2:24:07,Jelena PROKOPCUKA,LAT,2,Osaka,25,JAN,2015,F,8647
35,2:24:11,Joyce CHEPKIRUI,KEN,1,Amsterdam,18,OCT,2015,F,8651
36,2:24:15,Florence KIPLAGAT,KEN,5,London,26,APR,2015,F,8655
37,2:24:16,Sharon CHEROP,KEN,2,Toronto,18,OCT,2015,F,8656
38,2:24:16,Fatuma SADO,ETH,2,Toronto,18,OCT,2015,F,8656
39,2:24:23,Jemima SUMGONG,KEN,6,London,26,APR,2015,F,8663
40,2:24:24,Birhane DIBABA,ETH,3,Chicago,11,OCT,2015,F,8664
41,2:24:25,Kayoko FUKUSHI,JPN,4,Chicago,11,OCT,2015,F,8665
42,2:24:25,Mary KEITANY,KEN,1,New York,1,NOV,2015,F,8665
43,2:24:26,Tiki GELANA,ETH,3,Tokyo,22,FEB,2015,F,8666
44,2:24:29,Betelhem MOGES,ETH,11,Dubai,23,JAN,2015,F,8669
45,2:24:33,Meserest HAILU,ETH,3,Berlin,27,SEP,2015,F,8673
46,2:24:38,Flomena CHEYCH,KEN,2,Amsterdam,18,OCT,2015,F,8678
47,2:24:38,Sardana TROFIMOVA,RUS,4,Frankfurt,25,OCT,2015,F,8678
48,2:24:40,Mulu SEBOKA,ETH,5,Chicago,11,OCT,2015,F,8680
49,2:24:42,Visiline JEPKESHO,KEN,3,Paris,12,APR,2015,F,8682
50,2:24:42,Mai ITO,JPN,3,Nagoya,8,MAR,2015,F,8682
51,2:24:44,Sultan HAYDAR,TUR,12,Dubai,23,JAN,2015,F,8684
52,2:24:49,Sara MOREIRA,POR,2,Prague,3,MAY,2015,F,8689
53,2:25:01,Priscah JEPTOO,KEN,7,London,26,APR,2015,F,8701
54,2:25:01,Tadelech BEKELE,ETH,4,Berlin,27,SEP,2015,F,8701
55,2:25:09,Purity RIONORIPO,KEN,1,Lisbon,18,OCT,2015,F,8709
56,2:25:11,Meskerem ASSEFA,ETH,6,Chicago,11,OCT,2015,F,8711
57,2:25:15,Ana Dulce FELIX,POR,8,London,26,APR,2015,F,8715
58,2:25:22,Rebecca KANGOGO,KEN,13,Dubai,23,JAN,2015,F,8722
59,2:25:24,Letebrhan HAYLAY,ETH,3,Prague,3,MAY,2015,F,8724
60,2:25:30,Aberu MEKURIA,ETH,1,Ottawa,24,MAY,2015,F,8730
61,2:25:32,Aselefech Mergia,ETH,2,New York,1,NOV,2015,F,8732
62,2:25:36,Volha MAZURONAK,BLR,9,London,26,APR,2015,F,8736
63,2:25:41,Meseret HAILU,ETH,1,Hamburg,26,APR,2015,F,8741
64,2:25:41,Rebecca Kangogo CHESIR,KEN,2,Ottawa,24,MAY,2015,F,8741
65,2:25:42,Melkam GIZAW,ETH,1,Ljubljana,25,OCT,2015,F,8742
66,2:25:50,Tigist Tufa,ETH,3,New York,1,NOV,2015,F,8750
67,2:25:46,Agnes Jepkemboi KIPROP,KEN,1,Hengshui,26,SEP,2015,F,8746
68,2:25:53,Abebech AFEWORK,ETH,3,Ottawa,24,MAY,2015,F,8753
69,2:25:53,Sara Moreira,POR,4,New York,1,NOV,2015,F,8753
70,2:25:58,MEKURIA,ETH,14,Dubai,23,JAN,2015,F,8758
71,2:25:58,Meskere ASSEFA,ETH,4,Paris,12,APR,2015,F,8758
72,2:25:59,Marta LEMA,ETH,2,Hengshui,26,SEP,2015,F,8759
73,2:26:14,Fantu ETICHA,ETH,15,Dubai,23,JAN,2015,F,8774
74,2:26:12,Agnes Jepkemboi KIPROP,KEN,4,Ottawa,24,MAY,2015,F,8772
75,2:26:16,Sylvia KIBET,KEN,2,Hamburg,26,APR,2015,F,8776
76,2:26:20,LEMA,ETH,5,Paris,12,APR,2015,F,8780
77,2:26:22,SHONE,ETH,1,Seoul,15,MAR,2015,F,8782
78,2:26:23,Rael KIYARA,KEN,1,Shanghai,8,NOV,2015,F,8783
79,2:26:25,Fatuma SADO,ETH,1,Warsaw,26,APR,2015,F,8785
80,2:26:30,Asami KATO,JPN,1,Rotterdam,12,APR,2015,F,8790
81,2:26:31,Janet RONO,KEN,4,Prague,3,MAY,2015,F,8791
82,2:26:33,Rkia EL MKOUM,MAR,10,London,26,APR,2015,F,8793
83,2:26:39,Risa SHIGETOMO,JPN,3,Osaka,25,JAN,2015,F,8799
84,2:26:43,Selly Kaptich CHEPYEGO,KEN,4,Tokyo,22,FEB,2015,F,8803
85,2:26:45,Meselech MELKAMU,ETH,5,Ottawa,24,SEP,2015,F,8805
86,2:26:46,Andrea DEELSTRA,NED,5,Berlin,27,SEP,2015,F,8806
87,2:26:48,Biruktayit ESHETU,ETH,6,Paris,12,APR,2015,F,8808
88,2:26:49,Maja NEUENSCWANDER,SUI,6,Berlin,27,SEP,2015,F,8809
89,2:26:54,Flomena CHEYCH,KEN,5,Tokyo,22,FEB,2015,F,8814
90,2:26:54,Changqin DING,CHN,1,Chongqing,22,MAR,2015,F,8814
91,2:26:55,Ashete BEKERE,ETH,5,Prague,3,MAY,2015,F,8815
92,2:26:57,Christelle DAUNAY,FRA,5,New York,1,NOV,2015,F,8817
93,2:26:57,Beata NAIGAMBO,NAM,1,Valencia,15,NOV,2015,F,8817
94,2:27:03,Priscah JEPTOO,KEN,6,New York,1,NOV,2015,F,8823
95,2:27:06,Mercy KIBARUS,KEN,2,Warsaw,26,APR,2015,F,8826
96,2:27:08,Lucy KARIMI,KEN,16,Dubai,23,JAN,2015,F,8828
97,2:27:12,Sechale DALASA,ETH,4,Houston,18,JAN,2015,F,8832
98,2:27:14,Yeshi ESAYIAS,ETH,6,Ottawa,24,MAY,2015,F,8834
99,2:27:16,Edna KIPLAGAT,KEN,11,London,26,APR,2015,F,8836
0,2:14:04,Brigid KOSGEI,KEN,1,Chicago,13 OCT,,2019,F,8044
1,2:17:08,Ruth CHEPNGETICH,KEN,1,Dubai,25 JAN,,2019,F,8228
2,2:17:20,KOSGEI,KEN,1,London,28 APR,,2019,F,8240
3,2:17:41,Worknesh DEGEFA,ETH,2,Dubai,25 JAN,,2019,F,8261
4,2:18:30,Roza DEREJE,ETH,1,Valencia,01 DEC,,2019,F,8310
5,2:18:33,Azmera ABREHA,ETH,2,Valencia,01 DEC,,2019,F,8313
6,2:18:46,Birhane DIBABA,ETH,3,Valencia,01 DEC,,2019,F,8326
7,2:18:52,Vivian CHERUIYOT,KEN,4,Valencia,01 DEC,,2019,F,8332
8,2:19:10,Valary AYABEI,KEN,1,Frankfurt,27 OCT,,2019,F,8350
9,2:19:26,Degitu AZIMERAW,ETH,1,Amsterdam,20 OCT,,2019,F,8366
10,2:19:27,Zeineba YIMER,ETH,5,Valencia,01 DEC,,2019,F,8367
11,2:19:46,Lonah Chemtai SALPETER,ISR,1,Prague,05 MAY,,2019,F,8386
12,2:19:52,Tigist GIRMA,ETH,2,Amsterdam,20 OCT,,2019,F,8392
13,2:20:14,Vivian CHERUIYOT,KEN,2,London,28 APR,,2019,F,8414
14,2:20:14,Ashete BEKERE,ETH,1,Berlin,29 SEP,,2019,F,8414
15,2:20:21,Mare DIBABA,ETH,2,Berlin,29 SEP,,2019,F,8421
16,2:20:24,Workenesh EDESA,ETH,6,Valencia,01 DEC,,2019,F,8424
17,2:20:39,Purity RIONORIPO,KEN,7,Valencia,01 DEC,,2019,F,8439
18,2:20:40,Ruti AGA,ETH,1,Tokyo,03 MAR,,2019,F,8440
19,2:20:48,Azmera GEBRU,ETH,3,Amsterdam,20 OCT,,2019,F,8448
20,2:20:51,Roza DEREJE,ETH,3,London,28 APR,,2019,F,8451
21,2:20:51,Abebel YESHANEH,ETH,2,Chicago,13 OCT,,2019,F,8451
22,2:20:52,Gladys CHERONO,KEN,4,London,28 APR,,2019,F,8452
23,2:20:55,Gelete BURKA,ETH,3,Chicago,13 OCT,,2019,F,8455
24,2:20:58,Mary KEITANY,KEN,5,London,28 APR,,2019,F,8458
25,2:21:01,Helen TOLA,ETH,2,Tokyo,03 MAR,,2019,F,8461
26,2:21:03,Besu SADO,ETH,4,Amsterdam,20 OCT,,2019,F,8463
27,2:21:05,Worknesh EDESA,ETH,3,Dubai,25 JAN,,2019,F,8465
28,2:21:05,Shure DEMISE,ETH,3,Tokyo,03 MAR,,2019,F,8465
29,2:21:06,Sally CHEPYEGO,ETH,3,Berlin,29 SEP,,2019,F,8466
30,2:21:10,Megertu KEBEDE,ETH,2,Frankfurt,27 OCT,,2019,F,8470
31,2:21:11,Vivian Jerono KIPLAGAT,KEN,1,Abu Dhabi,06 DEC,,2019,F,8471
32,2:21:22,Mimi BELETE,BRN,5,Amsterdam,20 OCT,,2019,F,8482
33,2:21:26,Bornes KITUR,KEN,1,Ljubljana,27 OCT,,2019,F,8486
34,2:21:33,Shitaye ESHETE,BRN,2,Ljubljana,27 OCT,,2019,F,8493
35,2:21:50,Florence KIPLAGAT,KEN,4,Tokyo,03 MAR,,2019,F,8510
36,2:22:07,Diana CHEMTAI,KEN,3,Lubljana,27 OCT,,2019,F,8527
37,2:22:11,Meskerem ASSEFA,ETH,3,Frankfurt,27 OCT,,2019,F,8531
38,2:22:12,Nancy KIPROP,KEN,1,Wien,07 APR,,2019,F,8532
39,2:22:16,Sarah HALL,USA,4,Berlin,29 SEP,,2019,F,8536
40,2:22:16,Magdelyne MASAI,KEN,1,Toronto,20 OCT,,2019,F,8536
41,2:22:25,Helalia JOHANNES,NAM,1,Nagoya,10 MAR,,2019,F,8545
42,2:22:25,Vivian KIPLAGAT,KEN,1,Milano,07 APR,,2019,F,8545
43,2:22:29,Abeba GEBREMNESKEL,ETH,8,Valencia,01 DEC,,2019,F,8549
44,2:22:38,Joyciline JEPKOSGEI,KEN,1,New York,03 NOV,,2019,F,8558
45,2:22:39,Shitaye ESHETE,BRN,2,Prague,05 MAY,,2019,F,8559
46,2:22:40,Biruktayit ESHETU,ETH,2,Toronto,20 OCT,,2019,F,8560
47,2:22:41,Afera GODFAY,ETH,1,Dongying,20 APR,,2019,F,8561
48,2:22:43,Betsy SAINA,KEN,3,Toronto,20 OCT,,2019,F,8563
49,2:22:45,Waganesh MEKASHA,ETH,4,Dubai,25 JAN,,2019,F,8565
50,2:22:47,Gelete BURKA,ETH,1,Paris,14 APR,,2019,F,8567
51,2:22:52,Megertu ALEMU,ETH,1,Roma,07 APR,,2019,F,8572
52,2:22:52,Azmera GEBRU,ETH,2,Paris,14 APR,,2019,F,8572
53,2:22:53,Tadelech BEKELE,ETH,9,Valencia,01 DEC,,2019,F,8573
54,2:22:55,Ashete BEKERE,ETH,1,Rotterdam,07 APR,,2019,F,8575
55,2:22:58,Visiline JEPKESHO,KEN,2,Nagoya,10 MAR,,2019,F,8578
56,2:23:01,Valary JEMELI,KEN,3,Nagoya,10 MAR,,2019,F,8581
57,2:23:08,Emily SISSON,USA,6,London,28 APR,,2019,F,8588
58,2:23:11,Lonah SALPETER,ISR,4,Frankfurt,27 OCT,,2019,F,8591
59,2:23:14,Kuftu Tahir DADISO,ETH,4,Ljubljana,27 OCT,,2019,F,8594
60,2:23:19,Waganesh MEKASHA,ETH,2,Dongying,20 APR,,2019,F,8599
61,2:23:19,Birke DEBELE,ETH,4,Toronto,20 OCT,,2019,F,8599
62,2:23:19,Yebrgual MELESE,ETH,1,Shanghai,17 NOV,,2019,F,8599
63,2:23:23,Bedatu HIRPA,ETH,5,Tokyo,03 MAR,,2019,F,8603
64,2:23:28,Biruktayit DEGEFA,ETH,1,Houston,20 JAN,,2019,F,8608
65,2:23:30,Rachel MUTGA,KEN,5,Toronto,20 OCT,,2019,F,8610
66,2:23:31,Sutume ASEFA,ETH,1,Beijing,03 NOV,,2019,F,8611
67,2:23:33,Meseret DEFAR,ETH,4,Nagoya,10 MAR,,2019,F,8613
68,2:23:32,Mary KEITANY,KEN,2,New York,03 NOV,,2019,F,8612
69,2:23:34,Stella BARSOSIO,KEN,2,Rotterdam,07 APR,,2019,F,8614
70,2:23:35,Azmera ABREHA,ETH,3,Paris,14 APR,,2019,F,8615
71,2:23:40,Hirut TIBEBU,ETH,1,Istanbul,03 NOV,,2019,F,8620
72,2:23:41,ClÃˆmence CALVIN,FRA,4,Paris,14 APR,,2019,F,8621
73,2:23:44,Desi Jisa MOKONIN,BRN,1,Seoul,17 MAR,,2019,F,8624
74,2:25:46,Rodah JEPKORIR,KEN,1,Buenos Aires,22 SEP,,2019,F,8746
75,2:23:50,Peres JEPCHIRCHIR,KEN,1,Saitama,08 DEC,,2019,F,8630
76,2:23:50,Hiwot GEBREKIDAN,ETH,1,Guangzhou,08 DEC,,2019,F,8630
77,2:23:52,Reia IWADE,JPN,5,Nagoya,10 MAR,,2019,F,8632
78,2:23:54,Sally CHEPYEGO,KEN,5,Paris,14 APR,,2019,F,8634
79,2:23:57,Melet KEJETA,GER,6,Berlin,29 SEP,,2019,F,8637
80,2:23:59,Monica JEPKOECH,KEN,6,Nagoya,10 MAR,,2019,F,8639
81,2:24:00,Sara DOSSENA,ITA,7,Nagoya,10 MAR,,2019,F,8640
82,2:24:02,Ababel YESHANEH,ETH,6,Tokyo,03 MAR,,2019,F,8642
83,2:24:03,Wude YIMER AYALEW,ETH,2,Abu Dhabi,06 DEC,,2019,F,8643
84,2:24:05,Hirut TIBEBU,ETH,2,Seoul,17 MAR,,2019,F,8645
85,2:24:09,Kayoko FUKUSHI,JPN,8,Nagoya,10 MAR,,2019,F,8649
86,2:24:11,Sinead DIVER,AUS,7,London,28 APR,,2019,F,8651
87,2:24:13,Askale MERACHI,ETH,1,Los Angeles,24 MAR,,2019,F,8653
88,2:24:13,Ruth CHEBITOK,KEN,6,Toronto,20 OCT,,2019,F,8653
89,2:24:15,Tigist ABAYECHEW,ETH,2,Istanbul,03 NOV,,2019,F,8655
90,2:24:16,Maurine CHEPKEMOI,KEN,3,Istanbul,03 NOV,,2019,F,8656
91,2:24:19,Miyuki UEHARA,JPN,9,Nagoya,10 MAR,,2019,F,8659
92,2:24:21,Marta MEGRA,ETH,1,Hengshui,22 SEP,,2019,F,8661
93,2:24:28,Yeshi CHEKOLE KALAYU,ETH,3,Abu Dhabi,06 DEC,,2019,F,8668
94,2:24:29,Guteni SHONE,ETH,1,Sevilla,17 FEB,,2019,F,8669
95,2:24:30,Aberu MERKURIA,ETH,1,Chongqing,31 MAR,,2019,F,8670
96,2:24:30,Shiuko GENEMO,ETH,7,Toronto,20 OCT,,2019,F,8670
97,2:24:33,Mao ICHIYAMA,JPN,7,Tokyo,03 MAR,,2019,F,8673
98,2:24:33,Stellah BARSOSIO,KEN,1,Sydney,15 SEP,,2019,F,8673
99,2:24:34,Genet YALEW,ETH,3,Prague,05 MAY,,2019,F,8674
0,2:04:00,Eliud KIPCHOGE,KEN,1,Berlin,27,SEP,2015,M,7440
1,2:04:42,KIPCHOGE,KEN,1,London,26,APR,2015,M,7482
2,2:04:47,Wilson KIPSANG,KEN,2,London,26,APR,2015,M,7487
3,2:05:21,Eliud KIPTANUI,KEN,2,Berlin,27,SEP,2015,M,7521
4,2:05:28,Lemi BERHANU,ETH,1,Dubai,23,JAN,2015,M,7528
5,2:05:49,Mark KORIR,KEN,1,Paris,12,APR,2015,M,7549
6,2:05:50,Dennis KIMETTO,KEN,3,London,26,APR,2015,M,7550
7,2:05:52,Lelisa DESISA,ETH,2,Dubai,23,JAN,2015,M,7552
8,2:05:52,Stephen CHEBOGUT,KEN,1,Eindhoven,11,OCT,2015,M,7552
9,2:05:58,Deriba ROBI,ETH,2,Eindhoven,11,OCT,2015,M,7558
10,2:06:00,Endeshaw NEGESSE,ETH,1,Tokyo,22,FEB,2015,M,7560
11,2:06:00,B  Mark KIPTOO,KEN,3,Eindhoven,11,OCT,2015,M,7560
12,2:06:06,Deribe ROBI,ETH,3,Dubai,23,JAN,2015,M,7566
13,2:06:11,Wilson LOYANAE,KEN,1,Seoul,15,MAR,2015,M,7571
14,2:06:13,Bernard KIPYEGO,KEN,1,Amsterdam,18,OCT,2015,M,7573
15,2:06:13,John MWANGANGI,KEN,1,Valencia,15,NOV,2015,M,7573
16,2:06:19,Moses Cheruiyot MOSOP,KEN,1,Xiamen,3,JAN,2015,M,7579
17,2:06:26,Sisay LEMMA,ETH,1,Frankfrut,25,OCT,2015,M,7586
18,2:06:33,Stephen KIPROTICH,UGA,2,Tokyo,22,FEB,2015,M,7593
19,2:06:33,Matthew KISORIO,KEN,2,Valencia,15,NOV,2015,M,7593
20,2:06:34,Dickson CHUMBA,KEN,3,Tokyo,22,FEB,2015,M,7594
21,2:06:34,Lani Kiplagat RUTTO,KEN,2,Frankfurt,25,OCT,2015,M,7594
22,2:06:35,Feysa LELISA,ETH,2,Xiamen,3,JAN,2015,M,7595
23,2:06:41,Stanley BIWOTT,KEN,4,London,26,APR,2015,M,7601
24,2:06:46,Abera KUMA,ETH,1,Rotterdam,12,APR,2015,M,7606
25,2:06:48,Alfers LAGAT,KEN,3,Frankfurt,25,OCT,2015,M,7608
26,2:06:54,Tilahun REGASSA,ETH,2,Xiamen,3,JAN,2015,M,7614
27,2:06:57,Feyisa LILESA,ETH,3,Berlin,27,SEP,2015,M,7617
28,2:06:59,Felix KIPROTICH,KEN,2,Seoul,15,MAR,2015,M,7619
29,2:07:06,Sisay LEMMA,ETH,5,Dubai,23,JAN,2015,M,7626
30,2:07:07,Samuel Kiplimo KOSGEI,KEN,1,Kosice,4,OCT,2015,M,7627
31,2:07:07,Felix KANDIE,KEN,3,Valencia,15,NOV,2015,M,7627
32,2:07:09,Bazu WORKU,ETH,6,Dubai,23,JAN,2015,M,7629
33,2:07:12,Paul LONYANGATA,KEN,1,Shanghai,8,NOV,2015,M,7632
34,2:07:11,Wilson Loyanae ERUPE,KEN,1,Gyeongju,11,OCT,2015,M,7631
35,2:07:16,REGASSA,ETH,5,London,26,APR,2015,M,7636
36,2:07:16,Abayneh WOLDEGIORGIS,ETH,4,Eindhoven,11,OCT,2015,M,7636
37,2:07:17,Lucas ROTICH,KEN,1,Hamburg,26,APR,2015,M,7637
38,2:07:18,Ezekiel CHEBII,KEN,2,Amsterdam,18,OCT,2015,M,7638
39,2:07:20,Shumi DECHASA,ETH,4,Tokyo,22,FEB,2015,M,7640
40,2:07:20,Luka KANDA,KEN,2,Paris,12,APR,2015,M,7640
41,2:07:20,Mark KIPTOO,KEN,2,Rotterdam,12,APR,2015,M,7640
42,2:07:22,Peter SOME,KEN,5,Tokyo,22,FEB,2015,M,7642
43,2:07:25,Markos GENETI,ETH,6,Tokyo,22,FEB,2015,M,7645
44,2:07:26,Girmay BIRHANU,ETH,1,Daegu,5,APR,2015,M,7646
45,2:07:31,Sisay LEMMA,ETH,1,Vienna,12,APR,2015,M,7651
46,2:07:33,Seboka TOLA,ETH,3,Paris,12,APR,2015,M,7653
47,2:07:38,Stephen MOKOKA,RSA,2,Shanghai,8,NOV,2015,M,7658
48,2:07:39,Masato IMAI,JPN,7,Tokyo,22,FEB,2015,M,7659
49,2:07:42,Mike KIPRUTO,KEN,4,Paris,12,APR,2015,M,7662
50,2:07:43,Samuel KITWARA,KEN,6,London,26,APR,2015,M,7663
51,2:07:44,Gilbert Kipruto KIRWA,KEN,5,Paris,12,APR,2015,M,7664
52,2:07:45,Mike KIGEN,KEN,3,Amsterdam,18,OCT,2015,M,7665
53,2:07:46,Emmanuel MUTAI,KEN,4,Berlin,27,SEP,2015,M,7666
54,2:07:47,Jacob KIBET,KEN,3,Seoul,15,MAR,2015,M,7667
55,2:07:47,Ghirmay GHEBRESLASSIE,ERI,2,Hamburg,26,APR,2015,M,7667
56,2:07:54,Laban Kipngetich KORIR,KEN,6,Paris,12,APR,2015,M,7674
57,2:07:56,Deressa CHIMSA,ETH,7,Paris,12,APR,2015,M,7676
58,2:07:58,Tsegaye KEBEDE,ETH,8,Tokyo,22,FEB,2015,M,7678
59,2:07:57,Hayle Berhanu LEMI,ETH,1,Warsaw,26,APR,2015,M,7677
60,2:07:57,Ernest Kiprono NGENO,KEN,1,Hengshui,26,SEP,2015,M,7677
61,2:08:01,Stephen CHEBOGUT,KEN,3,Hamburg,26,APR,2015,M,7681
62,2:08:02,Bernard KOECH,KEN,3,Rotterdam,12,APR,2015,M,7682
63,2:08:03,Birhanu GEDEFA,ETH,1,Houston,18,JAN,2015,M,7683
64,2:08:05,Dadi Yami GEMEDA,ETH,4,Seoul,15,MAR,2015,M,7685
65,2:08:05,Robert KWEMOI,KEN,2,Warsaw,26,APR,2015,M,7685
66,2:08:08,Kosgei Colling TANUI,KEN,2,Kosice,4,OCT,2015,M,7688
67,2:08:09,Abrha MILAW,ETH,3,Xiamen,3,JAN,2015,M,7689
68,2:08:11,Chala DECHASE,ETH,7,Dubai,23,JAN,2015,M,7691
69,2:08:11,Markos GENETI,ETH,3,Warsaw,26,APR,2015,M,7691
70,2:08:11,Joel Kiplimo KEMBOI,KEN,2,Gyeongju,11,OCT,2015,M,7691
71,2:08:12,Gebo BURKA,ETH,2,Houston,18,JAN,2015,M,7692
72,2:08:14,Abreham CHERKOS,ETH,5,Seoul,15,MAR,2015,M,7694
73,2:08:14,Girmay BIRHANU,ETH,1,Ottawa,24,MAY,2015,M,7694
74,2:08:16,Philip KANGOGO,KEN,1,Barcelona,15,MAR,2015,M,7696
75,2:08:17,Edwin KIBET,KEN,5,Eindhoven,11,OCT,2015,M,7697
76,2:08:18,Robert Kipkorir KWAMBAI,KEN,4,Xiamen,3,JAN,2015,M,7698
77,2:08:18,Philemon RONO,KEN,4,Hamburg,26,APR,2015,M,7698
78,2:08:18,Amanuel MESEL,ERI,4,Warsaw,26,APR,2015,M,7698
79,2:08:18,Patrick MAKAU,KEN,1,Fukuoka,6,DEC,2015,M,7698
80,2:08:19,Limaneh GETACHEW,ETH,1,Ljubljana,25,OCT,2015,M,7699
81,2:08:21,Stephen CHEMLANY,KEN,2,Nagano,5,APR,2015,M,7701
82,2:08:25,Chala DECHASE,ETH,4,Amsterdam,18,OCT,2015,M,7705
83,2:08:28,Richard SIGEI,KEN,5,Warsaw,26,APR,2015,M,7708
84,2:08:29,Elijah KEMBOI,KEN,6,Warsaw,26,APR,2015,M,7709
85,2:08:31,Gete FELEKE,ETH,2,Fukuoka,6,DEC,2015,M,7711
86,2:08:32,Felix KANDIE,KEN,1,Prague,3,MAY,2015,M,7712
87,2:08:33,Arne GABIUS,GER,4,Frankfurt,25,OCT,2015,M,7713
88,2:08:37,Mulugeta WAMI,ETH,2,Ljubljana,25,OCT,2015,M,7717
89,2:08:38,Gebresadik ABRAHA,ETH,4,Valencia,15,NOV,2015,M,7718
90,2:08:42,Kenneth MUNGARA,KEN,1,Gold Coast,5,JUL,2015,M,7722
91,2:08:44,MUNGARA,KEN,1,Milano,12,APR,2015,M,7724
92,2:08:45,Wilson CHEBET,KEN,5,Amsterdam,18,OCT,2015,M,7725
93,2:08:46,Tebalu ZAWUDE,ETH,1,Seoul,1,NOV,2015,M,7726
94,2:08:47,Philemon RONO,KEN,5,Valencia,17,NOV,2015,M,7727
95,2:08:49,Suleiman SIMOTWO,KEN,5,Frankfurt,25,OCT,2015,M,7729
96,2:08:50,Evans CHEBET,KEN,2,Prague,3,MAY,2015,M,7730
97,2:08:50,Tola Shura Kitata,ETH,3,Shanghai,8,NOV,2015,M,7730
98,2:08:51,Workneh TESFA,ETH,1,Marrakech,25,JAN,2015,M,7731
99,2:08:53,Ayele ABSHERO,ETH,3,Gyeongju,11,OCT,2015,M,7733
0,2:01:41,Kenenisa BEKELE,ETH,1,Berlin,29 SEP,,2019,M,7301
1,2:02:37,Eliud KIPCHOGE,KEN,1,London,28 APR,,2019,M,7357
2,2:02:48,Berhanu LEGESE,ETH,2,Berlin,29 SEP,,2019,M,7368
3,2:02:55,Mosinet GEREMEW,ETH,2,London,28 APR,,2019,M,7375
4,2:03:16,Mule WASIHUN,ETH,3,London,28 APR,,2019,M,7396
5,2:03:34,Getaneh MOLLA,ETH,1,Dubai,25 JAN,,2019,M,7414
6,2:03:36,Sisay LEMMA,ETH,3,Berlin,29 SEP,,2019,M,7416
7,2:03:40,Herpassa NEGASA,ETH,2,Dubai,25 JAN,,2019,M,7420
8,2:03:51,Kinde Atanaw AYALEW,ETH,1,Valencia,01 DEC,,2019,M,7431
9,2:04:11,Marius KIPSEREM,KEN,1,Rotterdam,07 APR,,2019,M,7451
10,2:04:16,Kaan Kigen OZBILEN,TUR,2,Valencia,01 DEC,,2019,M,7456
11,2:04:24,Asefa MENGISTU,ETH,3,Dubai,25 JAN,,2019,M,7464
12,2:04:40,Reuben Kiprop KIPYEGO,KEN,1,Abu Dhabi,06 DEC,,2019,M,7480
13,2:04:42,Guye ADOLA,ETH,3,Valencia,01 DEC,,2019,M,7482
14,2:04:46,Titus ERIKU,KEN,1,Milano,07 APR,,2019,M,7486
15,2:04:48,Birhanu LEGESE,ETH,1,Tokyo,03 MAR,,2019,M,7488
16,2:04:51,Abebe NEGEWO,ETH,4,Valencia,01 DEC,,2019,M,7491
17,2:05:00,Evans CHEBET,KEN,1,Buenos Aires,22 SEP,,2019,M,7500
18,2:05:00,Philemon RONO,KEN,1,Toronto,20 OCT,,2019,M,7500
19,2:05:01,Shura KITATA,ETH,4,London,28 APR,,2019,M,7501
20,2:05:02,Emmanuel SAINA,KEN,4,Dubai,25 JAN,,2019,M,7502
21,2:05:09,Vincent KIPCHUMBA,KEN,1,Amsterdam,20 OCT,,2019,M,7509
22,2:05:09,Lemi BERHANU,ETH,2,Toronto,20 OCT,,2019,M,7509
23,2:05:12,Filex CHEMONGES,UGA,3,Toronto,20 OCT,,2019,M,7512
24,2:05:13,Benson KIPRUTO,KEN,4,Toronto,20 OCT,,2019,M,7513
25,2:05:16,Solomon DEKSISA,ETH,2,Amsterdam,20 OCT,,2019,M,7516
26,2:05:18,Shifera TAMRU,ETH,5,Dubai,25 JAN,,2019,M,7518
27,2:05:18,Elisha ROTICH,KEN,3,Amsterdam,20 OCT,,2019,M,7518
28,2:05:19,Rueben KIPROP,KEN,2,Buenos Aires,22 SEP,,2019,M,7519
29,2:05:27,Kaan Kigen Ã·ZBILEN,TUR,2,Rotterdam,07 APR,,2019,M,7527
30,2:05:28,Betesfa GETAHUN,ETH,4,Amsterdam,20 OCT,,2019,M,7528
31,2:05:29,Shifera TAMRU,ETH,1,Seoul,03 NOV,,2019,M,7529
32,2:05:33,Felix KIPCHIRCHIR,KEN,1,Daegu,07 APR,,2019,M,7533
33,2:05:39,Mo FARAH,GBR,5,London,28 APR,,2019,M,7539
34,2:05:42,Emanuel SAINA,KEN,3,Rotterdam,07 APR,,2019,M,7542
35,2:05:45,Lawrence CHERONO,KEN,1,Chicago,13 OCT,,2019,M,7545
36,2:05:46,Dejene DEBELA,ETH,2,Chicago,13 OCT,,2019,M,7546
37,2:05:48,Asefe MENGSTU,ETH,3,Chicago,13 OCT,,2019,M,7548
38,2:05:53,Bedan KAROKI,KEN,4,Chicago,13 OCT,,2019,M,7553
39,2:05:58,Dazza ALMAHJOUB,BRN,1,Prague,05 MAY,,2019,M,7558
40,2:06:00,Thomas Kiplagat RONO,KEN,1,Seoul,17 MAR,,2019,M,7560
41,2:06:00,Andualem SHIFERAW,ETH,1,Lisboa,20 OCT,,2019,M,7560
42,2:06:02,Samuel WANJIKU,KEN,2,Lisboa,20 OCT,,2019,M,7562
43,2:06:02,Alemu GEBRE,ETH,2,Seoul,03 NOV,,2019,M,7562
44,2:06:04,Alemu BEKELE,BRN,1,Barcelona,10 MAR,,2019,M,7564
45,2:06:04,Fentahun HUNEGNAW,ETH,5,Amsterdam,20 OCT,,2019,M,7564
46,2:06:04,Philemon KACHERAN,KEN,5,Valencia,01 DEC,,2019,M,7564
47,2:06:09,Kelkile GEZAHEGN,ETH,6,Dubai,25 JAN,,2019,M,7569
48,2:06:12,Elisha ROTICH,KEN,2,Seoul,17 MAR,,2019,M,7572
49,2:06:12,Ashenafi MOGES,ETH,6,Valencia,01 DEC,,2019,M,7572
50,2:06:13,Tadu ABATE,ETH,6,Amsterdam,20 OCT,,2019,M,7573
51,2:06:14,Abdi BASHIR,BEL,5,Chicago,13 OCT,,2019,M,7574
52,2:06:16,Sondre Nordstad MOEN,NOR,7,Valencia,01 DEC,,2019,M,7576
53,2:06:17,Abdi NAGEEYE,NED,4,Rotterdam,07 APR,,2019,M,7577
54,2:06:18,Wolde DAWIT,ETH,2,Prague,05 MAY,,2019,M,7578
55,2:06:21,Shifera Tamru AREDO,ETH,2,Daegu,07 APR,,2019,M,7581
56,2:06:21,Fred MUSUBO,KEN,3,Daegu,07 APR,,2019,M,7581
57,2:06:21,Joel Kemboi KIMURER,KEN,2,Abu Dhabi,06 DEC,,2019,M,7581
58,2:06:22,Stephen CHEMLANY,KEN,3,Lisboa,20 OCT,,2019,M,7582
59,2:06:23,Bantie AYCHEW,ETH,3,Prague,05 MAY,,2019,M,7583
60,2:06:24,Mike Kiptum BOIT,KEN,3,Seoul,17 MAR,,2019,M,7584
61,2:06:24,Morris GACHAGA,KEN,7,Amsterdam,20 OCT,,2019,M,7584
62,2:06:25,Chale DECHASA,ETH,3,Seoul,03 NOV,,2019,M,7585
63,2:06:27,Fikre BEKELE,ETH,4,Seoul,17 MAR,,2019,M,7587
64,2:06:31,Daniel KEMBOI,KEN,8,Amsterdam,20 OCT,,2019,M,7591
65,2:06:32,Adugna TAKELE,ETH,7,Dubai,25 JAN,,2019,M,7592
66,2:06:33,Barnabus KIPTUM,KEN,4,Lisboa,20 OCT,,2019,M,7593
67,2:06:36,Tsedat Abege AYANA,ETH,1,Sevilla,17 FEB,,2019,M,7596
68,2:06:39,Belay Asefa BEDADA,ETH,2,Sevilla,17 FEB,,2019,M,7599
69,2:06:40,Laban MUTAI,KEN,1,Eindhoven,13 OCT,,2019,M,7600
70,2:06:41,Birhanu Bekele BERGA,ETH,3,Sevilla,17 FEB,,2019,M,7601
71,2:06:45,Jonathan KORIR,KEN,4,Berlin,29 SEP,,2019,M,7605
72,2:06:46,Obukay TSEGAY,ERI,4,Sevilla,17 FEB,,2019,M,7606
73,2:06:46,Kipruto AMOS,KEN,4,Prague,05 MAY,,2019,M,7606
74,2:06:48,Bedan KAROKI,KEN,2,Tokyo,03 MAR,,2019,M,7608
75,2:06:49,Daniel Kipkore KIBET,KEN,5,Sevilla,17 FEB,,2019,M,7609
76,2:06:49,Abebe NEGEWO,ETH,2,Barcelona,10 MAR,,2019,M,7609
77,2:06:50,Tsegaye GETACHEW,ETH,8,Valencia,01 DEC,,2019,M,7610
78,2:06:51,Birhan NEBEBEW,ETH,5,Lisboa,20 OCT,,2019,M,7611
79,2:06:52,Daniel KIPKORE,KEN,3,Buenos Aires,22 SEP,,2019,M,7612
80,2:06:54,Anthony MARITIM,KEN,3,Barcelona,10 MAR,,2019,M,7614
81,2:06:56,Vincent KIPCHUMBA,KEN,1,Wien,07 APR,,2019,M,7616
82,2:06:57,Tamirat TOLA,ETH,6,London,28 APR,,2019,M,7617
83,2:06:59,Kennedy CHEBORBOR,KEN,4,Daegu,07 APR,,2019,M,7619
84,2:06:59,Silas MWETICH,KEN,5,Toronto,20 OCT,,2019,M,7619
85,2:07:00,Reuben KERIO,KEN,2,Eindhoven,13 OCT,,2019,M,7620
86,2:07:00,Robert KWAMBAI,KEN,1,Chuncheon,27 OCT,,2019,M,7620
87,2:07:03,Bashir ADBI,BEL,7,London,28 APR,,2019,M,7623
88,2:07:05,Abrha MILAW,ETH,1,Paris,14 APR,,2019,M,7625
89,2:07:06,Mathew KISORIO,KEN,1,Beijing,03 NOV,,2019,M,7626
90,2:07:09,Evans KORIR,KEN,5,Daegu,07 APR,,2019,M,7629
91,2:07:08,Fikre TEFERA,ETH,1,Frankfurt,27 OCT,,2019,M,7628
92,2:07:10,Vincent RONO,KEN,5,Rotterdam,07 APR,,2019,M,7630
93,2:07:10,Dawit WOLDE,ETH,2,Frankfurt,27 OCT,,2019,M,7630
94,2:07:10,El Mahjoub DAZZA,MAR,1,Fukuoka,01 DEC,,2019,M,7630
95,2:07:11,Robert KIPKEMBOI,KEN,5,Seoul,17 MAR,,2019,M,7631
96,2:07:11,John LANGAT,KEN,3,Eindhoven,13 OCT,,2019,M,7631
97,2:07:12,Philemon KACHERAN,KEN,4,Barcelona,10 MAR,,2019,M,7632
98,2:07:12,Aweke YIMER,BRN,3,Frankfurt,27 OCT,,2019,M,7632
99,2:07:15,Leul GEBRESILASIE,ETH,8,London,28 APR,,2019,M,7635
